{"cameraMode":{"drawMode":0,"name":"Shaded","section":"Shading Mode"},"sceneLighting":false,"audioPlay":false,"sceneViewState":{"showFog":true,"showMaterialUpdate":false,"showSkybox":false,"showFlares":true,"showImageEffects":true,"showParticleSystems":true},"in2DMode":false,"pivot":{"x":-4.99691915512085,"y":2.3326518535614015,"z":-3.0820634365081789},"rotation":{"x":0.02944432757794857,"y":-0.19073663651943208,"z":0.005723819602280855,"w":0.9811829328536987},"size":0.4518839120864868,"orthographic":false}