{"cameraMode":{"drawMode":0,"name":"Shaded","section":"Shading Mode"},"sceneLighting":false,"audioPlay":false,"sceneViewState":{"showFog":true,"showMaterialUpdate":false,"showSkybox":false,"showFlares":true,"showImageEffects":true,"showParticleSystems":true},"in2DMode":false,"pivot":{"x":-2.4253973960876467,"y":0.7150000333786011,"z":1.3040000200271607},"rotation":{"x":0.07617383450269699,"y":-0.5051853656768799,"z":0.04482605308294296,"w":0.8584734797477722},"size":2.652869462966919,"orthographic":false}