{"cameraMode":{"drawMode":0,"name":"Shaded","section":"Shading Mode"},"sceneLighting":false,"audioPlay":false,"sceneViewState":{"showFog":true,"showMaterialUpdate":false,"showSkybox":false,"showFlares":true,"showImageEffects":true,"showParticleSystems":true},"in2DMode":false,"pivot":{"x":-3.465090751647949,"y":1.1724309921264649,"z":-3.3994622230529787},"rotation":{"x":0.10401861369609833,"y":-0.8422200083732605,"z":0.17555473744869233,"w":0.4990287125110626},"size":0.5211771726608276,"orthographic":false}