{"cameraMode":{"drawMode":0,"name":"Shaded","section":"Shading Mode"},"sceneLighting":false,"audioPlay":false,"sceneViewState":{"showFog":true,"showMaterialUpdate":false,"showSkybox":false,"showFlares":true,"showImageEffects":true,"showParticleSystems":true},"in2DMode":false,"pivot":{"x":-1.0654505491256714,"y":0.3168303072452545,"z":-1.1628111600875855},"rotation":{"x":0.03744134306907654,"y":-0.8449400663375855,"z":0.0596671923995018,"w":0.5302031636238098},"size":0.4830780625343323,"orthographic":false}